surname,given_name,gender,dob
Rich,Zachery,m,1959-04-04
Christian,Eva,f,1976-12-09
Christensen,Luann,f,2013-04-25
Delacruz,Madeline,f,1959-06-14
Gibbs,Marina,f,2004-10-15
Chapman,Theodora,f,1949-08-10
Curry,Sydney,m,2011-06-17
Butts,Dong,m,1989-01-15
Preston,Clinton,m,1988-09-19
Moody,Robyn,f,2008-12-23
Chaney,Hanna,f,1992-06-02
Howard,Linwood,m,1986-06-23
Beatty,Odis,m,1984-06-19
Barry,Terrie,f,1954-11-20
Pittman,Carolyn,f,1986-03-22
Rubio,Conrad,m,1968-09-29
Butler,Juana,f,1949-08-04
Romero,Aimee,f,1948-05-17
Alston,Margo,f,1989-04-04
Flynn,Alana,f,1994-09-23
Macias,Leslie,f,2014-06-12
Guzman,Elbert,m,1957-03-15
Daniel,Robt,m,2004-12-16
Hurley,Coleen,f,1993-01-13
Porter,Ruben,m,1970-01-06
Farley,Josefa,f,1995-04-11
Frazier,Carey,f,1996-07-12
Chaney,Frederick,m,1956-09-21
Villanueva,Selena,f,1958-08-29
